{
  "image_points": [
    [
      349,
      454
    ],
    [
      510,
      445
    ],
    [
      721,
      672
    ],
    [
      421,
      716
    ]
  ],
  "world_points": [
    [
      0,
      0
    ],
    [
      15.0,
      0
    ],
    [
      15.0,
      80.0
    ],
    [
      0,
      80.0
    ]
  ],
  "homography_matrix": [
    [
      -0.11909089659939247,
      0.03272726929448952,
      26.704542653489728
    ],
    [
      -0.04640349851171034,
      -0.8301070289317055,
      393.0634121155812
    ],
    [
      0.00015792097289280539,
      -0.00534476033240188,
      1.0
    ]
  ]
}